,1 second,1 minute,1 hour,1 day,1 month,1 year,1 century
lg(n),19520235,2.685978E + 437,5.573786E + 26245,8.083632E + 629897,1.691201E + 18896937,5.47448E + 226763246,
sqrt(n),19520235,7.027285E + 10,2.529822E + 14,1.457178E + 17,1.31146E + 20,1.888502E +22,1.888502E + 26
n,19520235,1.1712E + 9,7.0273E + 10,1.686548E + 12,5.059645E + 13,6.071574E + 14,6.071574E + 16
n.lg(n),19520235,,,,,,
n^2,19520235,1.512E + 8,1.1712E + 9,5.7378E + 9,3.1427E + 10,1.0887E + 11,1.0887E + 12
n^3,19520235,7.6419E + 7,,,,,
2^n,19520235,,,,,,
n!,19520235,19520235,19520235,19520235,19520235,19520236,19520236
